{"cameraMode":{"drawMode":0,"name":"Shaded","section":"Shading Mode"},"sceneLighting":false,"audioPlay":false,"sceneViewState":{"m_AlwaysRefresh":false,"showFog":true,"showSkybox":false,"showFlares":true,"showImageEffects":true,"showParticleSystems":true,"showVisualEffectGraphs":true,"m_FxEnabled":true},"in2DMode":false,"pivot":{"x":2.8074636459350588,"y":0.8295871019363403,"z":2.974123239517212},"rotation":{"x":0.039876364171504977,"y":-0.9063777923583984,"z":0.08849672228097916,"w":0.4113260805606842},"size":6.040224075317383,"orthographic":false}