{"cameraMode":{"drawMode":0,"name":"Shaded","section":"Shading Mode"},"sceneLighting":true,"audioPlay":false,"sceneViewState":{"m_AlwaysRefresh":false,"showFog":true,"showSkybox":true,"showFlares":true,"showImageEffects":true,"showParticleSystems":true,"showVisualEffectGraphs":true,"m_FxEnabled":true},"in2DMode":false,"pivot":{"x":-1.393363356590271,"y":6.775825023651123,"z":-12.867589950561524},"rotation":{"x":-0.07473786920309067,"y":0.057586200535297397,"z":-0.0059799146838486198,"w":-0.9959221482276917},"size":0.5657967329025269,"orthographic":false}