{"cameraMode":{"drawMode":0,"name":"Shaded","section":"Shading Mode"},"sceneLighting":false,"audioPlay":false,"sceneViewState":{"m_AlwaysRefresh":false,"showFog":true,"showSkybox":false,"showFlares":true,"showImageEffects":true,"showParticleSystems":true,"showVisualEffectGraphs":true,"m_FxEnabled":true},"in2DMode":false,"pivot":{"x":0.06852519512176514,"y":1.9527735710144044,"z":0.2750129699707031},"rotation":{"x":-0.01855759508907795,"y":-0.2504708170890808,"z":-0.004882579669356346,"w":0.9679878950119019},"size":1.8865331411361695,"orthographic":false}