{"cameraMode":{"drawMode":0,"name":"Shaded","section":"Shading Mode"},"sceneLighting":false,"audioPlay":false,"sceneViewState":{"m_AlwaysRefresh":false,"showFog":true,"showSkybox":false,"showFlares":true,"showImageEffects":true,"showParticleSystems":true,"showVisualEffectGraphs":true,"m_FxEnabled":true},"in2DMode":false,"pivot":{"x":-2.8987202644348146,"y":1.1109145879745484,"z":-3.4375381469726564},"rotation":{"x":-0.10604409873485565,"y":-0.7231764197349548,"z":0.11396953463554383,"w":-0.6728911399841309},"size":0.5069268941879273,"orthographic":false}