{"cameraMode":{"drawMode":0,"name":"Shaded","section":"Shading Mode"},"sceneLighting":false,"audioPlay":false,"sceneViewState":{"m_AlwaysRefresh":false,"showFog":true,"showSkybox":false,"showFlares":true,"showImageEffects":true,"showParticleSystems":true,"showVisualEffectGraphs":true,"m_FxEnabled":true},"in2DMode":false,"pivot":{"x":0.1367497444152832,"y":0.04590725898742676,"z":0.1125028133392334},"rotation":{"x":-0.24085348844528199,"y":0.22915886342525483,"z":-0.05864015966653824,"w":-0.9412999749183655},"size":0.8003905415534973,"orthographic":false}