{"cameraMode":{"drawMode":0,"name":"Shaded","section":"Shading Mode"},"sceneLighting":false,"audioPlay":false,"sceneViewState":{"m_AlwaysRefresh":false,"showFog":true,"showSkybox":false,"showFlares":true,"showImageEffects":true,"showParticleSystems":true,"showVisualEffectGraphs":true,"m_FxEnabled":true},"in2DMode":false,"pivot":{"x":-4.384289264678955,"y":0.2602922320365906,"z":6.124895095825195},"rotation":{"x":0.33659371733665469,"y":0.03352738916873932,"z":-0.012108122929930687,"w":0.9410443305969238},"size":3.8868613243103029,"orthographic":false}