{"cameraMode":{"drawMode":0,"name":"Shaded","section":"Shading Mode"},"sceneLighting":false,"audioPlay":false,"sceneViewState":{"m_AlwaysRefresh":false,"showFog":true,"showSkybox":false,"showFlares":true,"showImageEffects":true,"showParticleSystems":true,"showVisualEffectGraphs":true,"m_FxEnabled":true},"in2DMode":false,"pivot":{"x":-0.3039999008178711,"y":1.1499998569488526,"z":-0.053999900817871097},"rotation":{"x":-0.06460608541965485,"y":0.42763012647628786,"z":-0.03098817728459835,"w":-0.9011478424072266},"size":12.12435531616211,"orthographic":false}