{"cameraMode":{"drawMode":0,"name":"Shaded","section":"Shading Mode"},"sceneLighting":false,"audioPlay":false,"sceneViewState":{"m_AlwaysRefresh":false,"showFog":true,"showSkybox":false,"showFlares":true,"showImageEffects":true,"showParticleSystems":true,"showVisualEffectGraphs":true,"m_FxEnabled":true},"in2DMode":false,"pivot":{"x":0.23981671035289765,"y":3.4710233211517336,"z":-1.5462323427200318},"rotation":{"x":0.09615130722522736,"y":0.016720669344067575,"z":-0.0016303930897265673,"w":0.9952636957168579},"size":4.414747714996338,"orthographic":false}